<?xml version="1.0" encoding="UTF-8"?>
<beans xmlns="http://www.springframework.org/schema/beans"
	xmlns:xsi="http://www.w3.org/2001/XMLSchema-instance" xmlns:context="http://www.springframework.org/schema/context"
	xsi:schemaLocation="http://www.springframework.org/schema/beans http://www.springframework.org/schema/beans/spring-beans.xsd
		http://www.springframework.org/schema/context http://www.springframework.org/schema/context/spring-context-4.3.xsd">


	<bean id="dao" class="com.cg.bean.EmployeeDAO">
		<property name="list">
			<list>
					<bean id="1000" class="com.cg.bean.Employee">
						<property name="employeeId" value="1000"></property>
						<property name="employeeName" value="meghana"></property>
						<property name="salary" value="80000.0"></property>
					</bean>
					<bean id="1001" class="com.cg.bean.Employee">
						<property name="employeeId" value="1001"></property>
						<property name="employeeName" value="Soujanya"></property>
						<property name="salary" value="70000.0"></property>
					</bean>
			</list>
		</property>
	</bean>

</beans>
