<?xml version="1.0" encoding="UTF-8"?>


<beans xmlns="http://www.springframework.org/schema/beans"
	xmlns:xsi="http://www.w3.org/2001/XMLSchema-instance"
	xmlns:aop="http://www.springframework.org/schema/aop"
	xsi:schemaLocation="http://www.springframework.org/schema/beans 
	http://www.springframework.org/schema/beans/spring-beans-4.0.xsd">

	<bean id="employee" class="com.capgemini.model.Employee"
		scope="prototype">

		<property name="empId" value="100"></property>
		<property name="empName" value="Ayush"></property>
		<property name="empSalary" value="100000"></property>
		<property name="empSBO" value="Java"></property>
		<property name="empAge" value="25"></property>
		<!-- <property name="bUnit" ref="sbu"></property> -->


	</bean>

	<bean id="employee1" class="com.capgemini.model.Employee"
		scope="prototype">

		<property name="empId" value="1001"></property>
		<property name="empName" value="Ayush"></property>
		<property name="empSalary" value="100000"></property>
		<property name="empSBO" value="Java"></property>
		<property name="empAge" value="25"></property>
		<!-- <property name="bUnit" ref="sbu"></property> -->


	</bean>

	<bean id="sbu" class="com.capgemini.model.SBU" scope="prototype">

		<property name="sbuId" value="1001"></property>
		<property name="sbuName" value="Java"></property>
		<property name="sbuHead" value="Engineering"></property>
		<property name="empList">
			<list>
				<ref bean="employee" />
				<ref bean="employee1" />
			</list>
		</property>



	</bean>

</beans>